date,date,Deposito_ARIMA-CEEMDAN-LSTM,Deposito_ARIMA-CEEMDAN-LSTM_PI95_lo,Deposito_ARIMA-CEEMDAN-LSTM_PI95_hi,Deposito_CEEMDAN-LSTM,Deposito_CEEMDAN-LSTM_PI95_lo,Deposito_CEEMDAN-LSTM_PI95_hi,Deposito_LSTM,Deposito_LSTM_PI95_lo,Deposito_LSTM_PI95_hi,Deposito_ARIMA,Deposito_ARIMA_PI95_lo,Deposito_ARIMA_PI95_hi,BI_Rate_baseline,Lending_Facility_baseline,Deposit_Facility_baseline,LPS_Rate_baseline
2026-10-01,2026-10-01,4.29508359071859,4.192857732264575,4.384756543171126,4.304124029504216,4.213463794455189,4.395781881689283,4.257190249711341,4.180464585188616,4.339486535860161,4.307967033,4.216550522183172,4.408196951133172,5.75,6.5,4.75,3.75
2026-10-02,2026-10-02,4.287069129326298,4.166930311724845,4.407036432101358,4.303022196334439,4.181093478110236,4.428526332854414,4.230948470123441,4.11968202473984,4.347337385787947,4.307967033,4.171451319791344,4.455296923341344,5.75,6.5,4.75,3.75
2026-10-05,2026-10-05,4.281044549264358,4.133101042863775,4.432691260159491,4.302741093345189,4.145105027247725,4.447330567990193,4.229591124909439,4.091054354144345,4.370015550832052,4.307967033,4.134599094074515,4.478461731674515,5.75,6.5,4.75,3.75
2026-10-06,2026-10-06,4.276004823269056,4.105626777657766,4.446111965369202,4.300108249903494,4.109836705644383,4.482755729386181,4.228364063986684,4.06425825775556,4.384777851264972,4.307967033,4.111763900507688,4.511337527307688,5.75,6.5,4.75,3.75
2026-10-07,2026-10-07,4.270881799139662,4.075258712895829,4.457123684015581,4.297293166832373,4.084369472544196,4.492765734186349,4.225191637104226,4.038053712245024,4.410524072110217,4.307967033,4.077225413590859,4.53751964239086,5.75,6.5,4.75,3.75
2026-10-08,2026-10-08,4.266359417269479,4.065983158576384,4.466948171011297,4.297003306276561,4.07533710773749,4.521834026364838,4.226343825612938,4.038789139986997,4.426754544868204,4.307967033,4.067275111224031,4.55488390194903,5.75,6.5,4.75,3.75
2026-10-09,2026-10-09,4.261770222693015,4.03855986186066,4.471662032451141,4.2983780589027605,4.038991639238597,4.545304307318022,4.226738324446685,4.014975215789847,4.431171409305362,4.307967033,4.040941016957204,4.586297336407204,5.75,6.5,4.75,3.75
2026-10-12,2026-10-12,4.259236624093778,4.010311394717576,4.497497827985337,4.299594851809942,4.030075121952338,4.565793222456419,4.2309120658447945,3.982753127143413,4.458361446139135,4.307967033,4.037285218715375,4.609087145990375,5.75,6.5,4.75,3.75
2026-10-13,2026-10-13,4.256961631427319,4.008709207362067,4.518203756675376,4.301981289947907,4.013617552169472,4.572795566574748,4.228009869050227,3.972064047356133,4.461233688189711,4.307967033,3.993481577123547,4.621900029648549,5.75,6.5,4.75,3.75
2026-10-14,2026-10-14,4.254893670745804,3.994893385628304,4.517243920048563,4.30457693871004,4.021424558153444,4.608474842345792,4.224329825389708,3.954978008005457,4.469824922721704,4.307967033,3.983634616556718,4.634173551906718,5.75,6.5,4.75,3.75
2026-10-15,2026-10-15,4.2529445006280655,3.975298275992288,4.533320716521329,4.303968272499682,4.0012582203274665,4.611743729266975,4.222126077198341,3.952601452633208,4.481696233579152,4.307967033,3.9706172792648897,4.63554228128989,5.75,6.5,4.75,3.75
2026-10-16,2026-10-16,4.251078671443976,3.9636811166347914,4.541925044011391,4.300650708306238,3.9891765935618575,4.623699251279691,4.2203869869540735,3.937141801607908,4.487610224360731,4.307967033,3.9657395080980615,4.654670001773063,5.75,6.5,4.75,3.75
2026-10-19,2026-10-19,4.249262393602301,3.9365804006763967,4.560799359839163,4.297165285540896,3.974123676940056,4.631226681462467,4.218683782361863,3.9287751636708856,4.511337903616102,4.307967033,3.944336733481234,4.674821321206234,5.75,6.5,4.75,3.75
2026-10-20,2026-10-20,4.247615328009218,3.914034505316176,4.570129307222855,4.296574085054683,3.9769649408622825,4.629644771177895,4.217352970604438,3.925195368884383,4.53265392934936,4.307967033,3.943955342164408,4.689305386489406,5.75,6.5,4.75,3.75
2026-10-21,2026-10-21,4.246131887625587,3.907499353628788,4.577783706388024,4.298712487179094,3.9492782552052943,4.649233516303361,4.216120565909932,3.911273727324386,4.533172394176947,4.307967033,3.9189967902725766,4.69185709914758,5.75,6.5,4.75,3.75
2026-10-22,2026-10-22,4.244580883928988,3.89122297128742,4.591416387005761,4.301509355981893,3.957346701106193,4.661654368764813,4.215214988939212,3.905695946399391,4.549383600838334,4.307967033,3.9017390494557502,4.7290414422057525,5.75,6.5,4.75,3.75
2026-10-23,2026-10-23,4.243161445660336,3.886304258959136,4.589635660540986,4.304582181566177,3.951214556968343,4.678082270514148,4.2138898275539285,3.8895206540137712,4.56045568677519,4.307967033,3.8919952991889217,4.731392943413923,5.75,6.5,4.75,3.75
2026-10-26,2026-10-26,4.241808791972542,3.87883947659322,4.585848710048962,4.308444282003637,3.942342356086259,4.680268374905419,4.212379527219842,3.8651049379567968,4.570282126454551,4.307967033,3.881929178947094,4.730799168947096,5.75,6.5,4.75,3.75
2026-10-27,2026-10-27,4.24062985476428,3.8707506194796735,4.602515270778642,4.310346495776904,3.93412304508996,4.7085812743311815,4.210922216377187,3.8485462011269673,4.563418996188648,4.307967033,3.859482084355266,4.747670528180266,5.75,6.5,4.75,3.75
2026-10-28,2026-10-28,4.239375661379801,3.860371105843812,4.620546268539085,4.312225317887984,3.9328777329728672,4.73764191319508,4.2095207609491485,3.852214569970984,4.551175777669815,4.307967033,3.8326921794384368,4.778625882113438,5.75,6.5,4.75,3.75
2026-10-29,2026-10-29,4.237969066014938,3.837072610182247,4.629566323075085,4.310298929382066,3.923095332971518,4.732712207511081,4.208148662915019,3.816780820349816,4.574940632761724,4.307967033,3.8122670076466094,4.78101940874661,5.75,6.5,4.75,3.75
2026-10-30,2026-10-30,4.237969066014938,3.830710740073113,4.638277878220649,4.308067300025887,3.897713553862209,4.73409905315547,4.206824671903043,3.817796849093568,4.574452127448345,4.307967033,3.828239652129781,4.794054890829781,5.75,6.5,4.75,3.75
2026-11-02,2026-11-02,4.237969066014938,3.826881481754384,4.644014004135178,4.307677550520228,3.8763813690070696,4.736052377483549,4.2055347957391405,3.805322200545808,4.583737135557461,4.307967033,3.825143601587953,4.787095549862955,5.75,6.5,4.75,3.75
2026-11-03,2026-11-03,4.237969066014938,3.821292733028789,4.650576689543488,4.308855781870825,3.867457917720832,4.750545385755614,4.204290215665776,3.7960486348896,4.590476104654056,4.307967033,3.804474300496121,4.802323043171128,5.75,6.5,4.75,3.75
2026-11-04,2026-11-04,4.237969066014938,3.814049852354528,4.676693310937285,4.3109173690845575,3.858762345090384,4.761350546016645,4.203037188802283,3.774426161658872,4.593092689043266,4.307967033,3.8081136981292985,4.8097974655543,5.75,6.5,4.75,3.75
2026-11-05,2026-11-05,4.237969066014938,3.808995870690203,4.678915188425963,4.313348249907983,3.8601560331224456,4.774041337482755,4.201775978184609,3.781508113358293,4.615917746278549,4.307967033,3.7783852410374714,4.840311566912469,5.75,6.5,4.75,3.75
2026-11-06,2026-11-06,4.237969066014938,3.7891677693086807,4.714014828117174,4.316196593412746,3.8528219059990567,4.766374516788454,4.2005240015328935,3.764339720824528,4.622288177474799,4.307967033,3.7701128888706408,4.865654670745641,5.75,6.5,4.75,3.75
2026-11-09,2026-11-09,4.237969066014938,3.7829625466513694,4.705377885240289,4.317890167977956,3.843320567848288,4.789554813384966,4.199286894752771,3.75474764741694,4.6288238447214525,4.307967033,3.744930393028816,4.879112913203813,5.75,6.5,4.75,3.75
2026-11-10,2026-11-10,4.237969066014938,3.767266799242421,4.719642842791432,4.317028727857973,3.840372010888054,4.806720558361578,4.198064695259245,3.751011225841296,4.63743585071328,4.307967033,3.747039887961984,4.891366514436984,5.75,6.5,4.75,3.75
2026-11-11,2026-11-11,4.237969066014938,3.761061045315202,4.724978920055212,4.316535054754493,3.844756323541195,4.8086280605785054,4.196859009022951,3.737821142167394,4.636603595402578,4.307967033,3.7409457344701567,4.887554401545158,5.75,6.5,4.75,3.75
2026-11-12,2026-11-12,4.237969066014938,3.754289888878999,4.747690820628661,4.317387270001475,3.836670322604522,4.82006469046092,4.195669332684881,3.731068333913236,4.645531505488603,4.307967033,3.746690561378326,4.895752611378328,5.75,6.5,4.75,3.75
2026-11-13,2026-11-13,4.237969066014938,3.7523451422527,4.75678529050683,4.317969070130445,3.8229779147601928,4.827601476830522,4.194496198914032,3.7364450033089183,4.656131591817249,4.307967033,3.7399385831615017,4.9123428016365,5.75,6.5,4.75,3.75
2026-11-16,2026-11-16,4.237969066014938,3.754304160844829,4.745290156555884,4.318829183160689,3.8238400429265775,4.825014341709395,4.193335523019444,3.7056126768153423,4.648911555511436,4.307967033,3.7253546099196737,4.912115034219676,5.75,6.5,4.75,3.75
2026-11-17,2026-11-17,4.237969066014938,3.727038955113279,4.760285403886119,4.321344060131931,3.8072675036885855,4.849368135633661,4.192185889404043,3.7000274867622593,4.646293002716382,4.307967033,3.712006444077845,4.918216588952844,5.75,6.5,4.75,3.75
2026-11-18,2026-11-18,4.237969066014938,3.727073370867331,4.766703702121174,4.324396944610177,3.8035405703102776,4.854694911947973,4.191048018518668,3.699525023269332,4.661933909506479,4.307967033,3.7037303163110153,4.934733229311019,5.75,6.5,4.75,3.75
2026-11-19,2026-11-19,4.237969066014938,3.709666342122574,4.7581675828010725,4.325584438222863,3.8005853828057297,4.865411192766892,4.189922453210704,3.695979396911728,4.666352035188379,4.307967033,3.677873876194188,4.9407891273691895,5.75,6.5,4.75,3.75
2026-11-20,2026-11-20,4.237969066014938,3.7038734933206,4.765397439858668,4.325921116871707,3.783911047995923,4.880596430046706,4.188809289892108,3.69317097597758,4.687666752910147,4.307967033,3.67775966062736,4.940973933777363,5.75,6.5,4.75,3.75
2026-11-23,2026-11-23,4.237969066014938,3.688759400994833,4.762471220995409,4.3253082341698335,3.7719564472920792,4.887869121978046,4.1877086156682095,3.672292227419613,4.6776283198903945,4.307967033,3.6615171751855327,4.947363578735535,5.75,6.5,4.75,3.75
2026-11-24,2026-11-24,4.237969066014938,3.721699375647688,4.773516259946278,4.3246038392568895,3.7438701203098033,4.89725999055903,4.186620352481136,3.662439122577862,4.68392466332878,4.307967033,3.6697710018437046,4.949337105693706,5.75,6.5,4.75,3.75
2026-11-25,2026-11-25,4.237969066014938,3.6953533589707295,4.797914966452648,4.324943533465859,3.7402923215336528,4.897611389995177,4.185544424582002,3.6723331630051823,4.677497720209499,4.307967033,3.646621221326878,4.947993660576876,5.75,6.5,4.75,3.75
2026-11-26,2026-11-26,4.237969066014938,3.709136699087056,4.815526680732725,4.325231269688683,3.7541320467233534,4.928096869994277,4.184480408790168,3.663292016660028,4.688082365702618,4.307967033,3.639926356235047,4.944411931310051,5.75,6.5,4.75,3.75
2026-11-27,2026-11-27,4.237969066014938,3.682068027933028,4.803147975859772,4.326959777618798,3.75405518501959,4.941909419930761,4.183427969454427,3.664343883272567,4.6991860462738,4.307967033,3.634149730618221,4.950009400593221,5.75,6.5,4.75,3.75
2026-11-30,2026-11-30,4.237969066014938,3.683727204211352,4.805855814242928,4.329723532844808,3.732804934170295,4.939246373134912,4.1823869658444215,3.653879415791213,4.725411225805705,4.307967033,3.603258728176392,4.96367750647639,5.75,6.5,4.75,3.75
2026-12-01,2026-12-01,4.237969066014938,3.678161140748261,4.7957585825053135,4.332574984409896,3.7321375006546034,4.943730900530373,4.181357305694945,3.649506796649185,4.756773806619964,4.307967033,3.6243672322345617,4.956136105309565,5.75,6.5,4.75,3.75
2026-12-02,2026-12-02,4.237969066014938,3.6856362878756497,4.795540875913094,4.334387871026608,3.719308755247728,4.924827259678789,4.180338880483643,3.637791733030957,4.764943164334543,4.307967033,3.616544655867734,4.997174917242741,5.75,6.5,4.75,3.75
2026-12-03,2026-12-03,4.237969066014938,3.65637676772056,4.820911609257801,4.334507607030073,3.726243207423748,4.941669924436209,4.179331589157024,3.614043652335408,4.767917888585228,4.307967033,3.615566128575909,4.989228689300907,5.75,6.5,4.75,3.75
2026-12-04,2026-12-04,4.237969066014938,3.6615407293456026,4.810965433232959,4.333771733885296,3.7054035463158463,4.931296977922151,4.178335312095463,3.6194188724682967,4.763079369806917,4.307967033,3.5989512359590807,5.001748445309081,5.75,6.5,4.75,3.75
2026-12-07,2026-12-07,4.237969066014938,3.6538649538667367,4.807909446885316,4.332496142000938,3.712709932650721,4.923659041096257,4.177349928336352,3.59992353723764,4.776013393726801,4.307967033,3.606438623417253,4.989726038592252,5.75,6.5,4.75,3.75
2026-12-08,2026-12-08,4.237969066014938,3.630116531555118,4.836349122654778,4.332589113510122,3.691069874237621,4.956415900685586,4.176375283271856,3.587643858395461,4.785026167655495,4.307967033,3.591255371200424,5.009575548000421,5.75,6.5,4.75,3.75
2026-12-09,2026-12-09,4.237969066014938,3.609094994456224,4.831110858876052,4.332774669696872,3.688723711215139,4.978878811008256,4.175411230422712,3.587217770057997,4.7731230594653695,4.307967033,3.5880410992335965,5.014349769958596,5.75,6.5,4.75,3.75
2026-12-10,2026-12-10,4.237969066014938,3.607042412859833,4.84349317165126,4.334481249585086,3.650951732153572,4.97687544915523,4.174457634124196,3.5798817771131284,4.779524554484297,4.307967033,3.5708070295667693,5.040783796866768,5.75,6.5,4.75,3.75
2026-12-11,2026-12-11,4.237969066014938,3.637656190999128,4.861000799304114,4.337609371173851,3.653831690556494,5.011263232952397,4.173514369361195,3.548903030297963,4.802321782592405,4.307967033,3.5554126197249403,5.028361480199939,5.75,6.5,4.75,3.75
2026-12-14,2026-12-14,4.237969066014938,3.6117449468279146,4.862286691970262,4.340594894403175,3.655674983648196,5.031775127142062,4.172581313545386,3.5550518463337406,4.799140899511233,4.307967033,3.553205028133108,5.049656126783111,5.75,6.5,4.75,3.75
2026-12-15,2026-12-15,4.237969066014938,3.602959814999647,4.852156531059983,4.342527993070316,3.6574370056322767,5.025494705005725,4.171658346774412,3.5415712941982167,4.815415809619874,4.307967033,3.575750613591282,5.031474592966284,5.75,6.5,4.75,3.75
2026-12-16,2026-12-16,4.237969066014938,3.60334704503701,4.860587322225202,4.342331181293695,3.674092904233355,5.035952944437636,4.170745350253283,3.547771645289052,4.823971171689608,4.307967033,3.552385284824455,5.046986709074454,5.75,6.5,4.75,3.75
2026-12-17,2026-12-17,4.237969066014938,3.606296223432535,4.8701428563196725,4.341571841939451,3.6305477994480446,5.033366802106394,4.169842205681796,3.550803172495854,4.831199428022097,4.307967033,3.517766865607626,5.042209587932628,5.75,6.5,4.75,3.75
2026-12-18,2026-12-18,4.237969066014938,3.5715690936362594,4.860806141856044,4.340523304159565,3.6147216196265184,5.037343170001384,4.168948797210098,3.525440538104071,4.8169787795553765,4.307967033,3.4990478666657983,5.060123422990798,5.75,6.5,4.75,3.75
2026-12-21,2026-12-21,4.237969066014938,3.5708615169301696,4.875553005871376,4.340875220914667,3.603479031365561,5.054569267256428,4.1680650029567,3.534110426798351,4.831052134941404,4.307967033,3.525055477923972,5.069637594173973,5.75,6.5,4.75,3.75
2026-12-22,2026-12-22,4.237969066014938,3.5926870346063304,4.869266238789784,4.341014655918125,3.626366314010943,5.055835400808854,4.167190709922641,3.5226397855872595,4.840704413517538,4.307967033,3.47478282738214,5.067057346707143,5.75,6.5,4.75,3.75
2026-12-23,2026-12-23,4.237969066014938,3.5605772444542065,4.89527305346272,4.342693826424622,3.616825184022817,5.047375649014534,4.166325801315626,3.505057402305577,4.840735860723201,4.307967033,3.487509221890316,5.057840956615317,5.75,6.5,4.75,3.75
2026-12-24,2026-12-24,4.237969066014938,3.5557081769854606,4.885265748962737,4.3456976248362365,3.616714801767543,5.076219226101086,4.165470170498185,3.5081071548306983,4.821996689914236,4.307967033,3.5055077279484856,5.103461819098486,5.75,6.5,4.75,3.75
2026-12-25,2026-12-25,4.237969066014938,3.572160131523733,4.89935219333726,4.348598436339451,3.60834029720382,5.053923853257626,4.164623703858771,3.496245194455853,4.834750605009631,4.307967033,3.499958289631656,5.073959989906657,5.75,6.5,4.75,3.75
2026-12-28,2026-12-28,4.237969066014938,3.55998474250042,4.897571905335507,4.350609519475328,3.620780888501213,5.086715619483187,4.163786294477182,3.479165471594856,4.835495643625379,4.307967033,3.489207386239829,5.0916913760648335,5.75,6.5,4.75,3.75
2026-12-29,2026-12-29,4.237969066014938,3.557840187230325,4.906871600976257,4.350179963323515,3.621069719803248,5.097862898529662,4.162957835715951,3.4797880984365333,4.829896290137307,4.307967033,3.498453875373001,5.091858693573002,5.75,6.5,4.75,3.75
2026-12-30,2026-12-30,4.237969066014938,3.537534501057765,4.888864865258139,4.349006500474611,3.624005249372319,5.072039212229794,4.162138223175912,3.4835116085648536,4.867008691263493,4.307967033,3.491646092831176,5.121543257656176,5.75,6.5,4.75,3.75
2026-12-31,2026-12-31,4.237969066014938,3.527263249796139,4.897011393362222,4.347869603081626,3.61684120568449,5.073265633347866,4.161327351279846,3.4717177595350828,4.871537155162712,4.307967033,3.467842493614346,5.152044585889348,5.75,6.5,4.75,3.75
2027-01-01,2027-01-01,4.237969066014938,3.5432160151746075,4.904763744020063,4.34864566100701,3.6079727677628832,5.081343548042037,4.160525117230741,3.471207724366042,4.874880458171468,4.307967033,3.463554213697515,5.141979385747519,5.75,6.5,4.75,3.75
2027-01-04,2027-01-04,4.237969066014938,3.52155359006618,4.918938150888472,4.348811170123547,3.5928918003256847,5.065344025123616,4.159731419338958,3.4642048382113018,4.877333261769046,4.307967033,3.4455801463306925,5.133042310455688,5.75,6.5,4.75,3.75
2027-01-05,2027-01-05,4.237969066014938,3.524583965154035,4.922455483672856,4.350551165576124,3.594276388491033,5.078062306622719,4.158946157493449,3.468767158065118,4.864132686823529,4.307967033,3.442989873563861,5.13440766753886,5.75,6.5,4.75,3.75
2027-01-06,2027-01-06,4.237969066014938,3.517438301061401,4.930876180687556,4.353798076874439,3.5994236410135447,5.113591070349777,4.158169234457618,3.4862621619162404,4.86375976895029,4.307967033,3.424499452097031,5.142693411547037,5.75,6.5,4.75,3.75
2027-01-07,2027-01-07,4.237969066014938,3.504281791790578,4.930691834212476,4.356812694161214,3.5945396834673176,5.075330882343557,4.157400553513213,3.470656068791925,4.864126775867691,4.307967033,3.407617535505205,5.175281359955205,5.75,6.5,4.75,3.75
2027-01-08,2027-01-08,4.237969066014938,3.4927675003770267,4.939154106200481,4.358558199542475,3.57202966569114,5.09938525493039,4.1566400184838885,3.453246128778247,4.867953216031423,4.307967033,3.435283536888378,5.19154165418838,5.75,6.5,4.75,3.75
2027-01-11,2027-01-11,4.237969066014938,3.504454906529963,4.952304954249395,4.358237019927145,3.5936608588709373,5.11551461349938,4.155887532910565,3.443047364180748,4.851388905334204,4.307967033,3.4153882703465475,5.182425152396549,5.75,6.5,4.75,3.75
2027-01-12,2027-01-12,4.237969066014938,3.5069385372553685,4.973908820608258,4.357256445917283,3.592181724964054,5.109305099064205,4.155143004952135,3.451149637155692,4.862535031847123,4.307967033,3.4305483085547213,5.192342919804722,5.75,6.5,4.75,3.75
2027-01-13,2027-01-13,4.237969066014938,3.5009276760883146,4.969326369912276,4.356032399607685,3.5858611741967223,5.1005209822234905,4.154406341518754,3.440211075037908,4.871505257257797,4.307967033,3.416209984562895,5.231263513212896,5.75,6.5,4.75,3.75
2027-01-14,2027-01-14,4.237969066014938,3.509222181196669,4.96636455647435,4.356221903765223,3.5785844991901694,5.100600622442271,4.153677455151677,3.448024602824048,4.885626345631769,4.307967033,3.4118057557210637,5.242318183121065,5.75,6.5,4.75,3.75
2027-01-15,2027-01-15,4.237969066014938,3.496435384415261,4.972707057643132,4.356673408818743,3.593423258485765,5.075496783097991,4.152956251771494,3.3971476090239565,4.886145217118821,4.307967033,3.418737485229236,5.20249817707924,5.75,6.5,4.75,3.75
2027-01-18,2027-01-18,4.237969066014938,3.481807550904,4.9642698358526,4.358340332229078,3.573998432119047,5.087098168355253,4.152242643094821,3.4096953166393096,4.903684280645353,4.307967033,3.401717654937408,5.19364148021241,5.75,6.5,4.75,3.75
2027-01-19,2027-01-19,4.237969066014938,3.4538049531718875,4.962939541885901,4.3612189579328815,3.560618278066751,5.079606673036906,4.151536543854094,3.398032800390411,4.901326089780617,4.307967033,3.3968387433955787,5.22179382412058,5.75,6.5,4.75,3.75
2027-01-20,2027-01-20,4.237969066014938,3.4585538482076115,4.967534338792818,4.36430585597385,3.5622498974012475,5.102036673762872,4.150837868451894,3.385994994956304,4.919785975871228,4.307967033,3.392364673828754,5.244173207178752,5.75,6.5,4.75,3.75
2027-01-21,2027-01-21,4.237969066014938,3.4573491003979164,4.969323622574725,4.3663022093417245,3.5700614803968724,5.121730535775001,4.150146530984506,3.3855365679355205,4.906853454429487,4.307967033,3.390003454461924,5.214257808261928,5.75,6.5,4.75,3.75
2027-01-22,2027-01-22,4.237969066014938,3.4735386441041887,4.976878176913864,4.365772405054366,3.54698746451372,5.14562179969931,4.149462445689583,3.3800903851018256,4.92769715205006,4.307967033,3.395200424295096,5.204909037895095,5.75,6.5,4.75,3.75
2027-01-25,2027-01-25,4.237969066014938,3.4446113891450096,4.951118579666332,4.36480568443244,3.571793145780303,5.14292444635327,4.148785531587678,3.3431100692751,4.900225989141024,4.307967033,3.4093098744782706,5.210214222603272,5.75,6.5,4.75,3.75
2027-01-26,2027-01-26,4.237969066014938,3.424080562613918,4.981823256363636,4.363710685368517,3.5535347371233263,5.165120896849959,4.148115707770027,3.330732159664552,4.9126884124876185,4.307967033,3.390333331836444,5.238941487686442,5.75,6.5,4.75,3.75
2027-01-27,2027-01-27,4.237969066014938,3.44518379065521,4.984309792775005,4.364033130503177,3.5470344541211363,5.165441218469631,4.147452892408984,3.3394785510277805,4.906852673086807,4.307967033,3.369528236544612,5.2353864946946125,5.75,6.5,4.75,3.75
2027-01-28,2027-01-28,4.237969066014938,3.4429777714238385,4.995866341081311,4.364208009989452,3.528454473715012,5.161012617571217,4.14679700556179,3.3312208158165086,4.930319356806975,4.307967033,3.336391433727784,5.267859590377787,5.75,6.5,4.75,3.75
2027-01-29,2027-01-29,4.237969066014938,3.4174108113522146,5.0053670235928855,4.36591835612373,3.538219799596301,5.18908670962911,4.146147969311939,3.3538341418986963,4.959394120952474,4.307967033,3.3471935698859547,5.285501626835958,5.75,6.5,4.75,3.75
2027-02-01,2027-02-01,4.237969066014938,3.417773162965944,4.991734574963694,4.368940251537538,3.553664741153741,5.192309839774298,4.14550570543663,3.336867781166732,4.947008294782644,4.307967033,3.3475659829941304,5.306830001319123,5.75,6.5,4.75,3.75
2027-02-02,2027-02-02,4.237969066014938,3.399012320850017,5.024008242114409,4.371791584497017,3.5539637847549,5.197782323556893,4.1448701397891305,3.3378523926915897,4.981852252308944,4.307967033,3.3225008467272983,5.297948017327306,5.75,6.5,4.75,3.75
2027-02-03,2027-02-03,4.237969066014938,3.407497949317965,4.986751048458898,4.373797062524555,3.535834910373839,5.18437154428507,4.144241192214632,3.3054519101420943,4.99853862600468,4.307967033,3.339620660635472,5.310947399660472,5.75,6.5,4.75,3.75
2027-02-04,2027-02-04,4.237969066014938,3.3880376014238114,4.9795822576355055,4.3733902135211,3.521122991699634,5.162556048988324,4.143618793419984,3.313761843695742,4.992207477934673,4.307967033,3.320209862393645,5.309895350618645,5.75,6.5,4.75,3.75
2027-02-05,2027-02-05,4.237969066014938,3.4061943986903795,4.9989980660893405,4.372303421367756,3.543221054145262,5.188273491243352,4.143002864098577,3.2749739079829,4.988365267647297,4.307967033,3.3062761913518157,5.287282340101818,5.75,6.5,4.75,3.75
2027-02-08,2027-02-08,4.237969066014938,3.381018325649911,5.016098554394516,4.371342702243405,3.530327106148925,5.207381590858223,4.142393334627407,3.306474612078443,4.982045675873973,4.307967033,3.2911348316849858,5.28157246620999,5.75,6.5,4.75,3.75
2027-02-09,2027-02-09,4.237969066014938,3.393838973164578,5.017598506002821,4.371422366539283,3.546267626176454,5.26025457814618,4.141790132650383,3.304499890450645,5.009606039456219,4.307967033,3.29968776579316,5.32298868931816,5.75,6.5,4.75,3.75
2027-02-10,2027-02-10,4.237969066014938,3.4008355661351395,5.032153907009725,4.371934402855805,3.5249740596587573,5.244834247352885,4.141193188143963,3.325128758180368,4.997956811155997,4.307967033,3.289217164401332,5.335469445051333,5.75,6.5,4.75,3.75
2027-02-11,2027-02-11,4.237969066014938,3.396057806442218,5.0313317235510695,4.373609394928668,3.5448440034362743,5.248142868074048,4.140602433134418,3.3014249837002003,5.002471868214397,4.307967033,3.2948550058845054,5.327728772284504,5.75,6.5,4.75,3.75
2027-02-12,2027-02-12,4.237969066014938,3.386990039470724,5.056329107411082,4.3764422669376986,3.543005533455565,5.241818898760263,4.140017793993359,3.3056776584459517,5.013114700817675,4.307967033,3.261800713642677,5.330001966417677,5.75,6.5,4.75,3.75
2027-02-15,2027-02-15,4.237969066014938,3.3710917874447626,5.070721717135062,4.379378807037212,3.5596898269569657,5.258737678406736,4.139439202487885,3.3048778677752857,5.000988495624678,4.307967033,3.265095375900849,5.34559709200085,5.75,6.5,4.75,3.75
2027-02-16,2027-02-16,4.237969066014938,3.373532381854301,5.055904281040806,4.381262528525546,3.5624539185236204,5.286672115745578,4.138866595921953,3.280589920696056,5.00774961697838,4.307967033,3.27690421708402,5.351979756084025,5.75,6.5,4.75,3.75
2027-02-17,2027-02-17,4.237969066014938,3.361732728533517,5.063898816357351,4.380768133600231,3.5527203296605268,5.254786037095844,4.138299905874171,3.26907788889846,4.998405162206264,4.307967033,3.258396223292192,5.369064459542189,5.75,6.5,4.75,3.75
2027-02-18,2027-02-18,4.237969066014938,3.3527538474568126,5.077751033122986,4.379898242322665,3.523850648115127,5.289347198238386,4.137739062250314,3.2495823560434,5.003420784070059,4.307967033,3.2643144404253626,5.370560837750363,5.75,6.5,4.75,3.75
2027-02-19,2027-02-19,4.237969066014938,3.369395633745305,5.088446388602691,4.3789120753393815,3.5268112248841743,5.309133115882875,4.137184004521956,3.2552323579950846,5.021844652975353,4.307967033,3.2595201881085347,5.353140274858539,5.75,6.5,4.75,3.75
2027-02-22,2027-02-22,4.237969066014938,3.3531512523634146,5.083168143537017,4.379285105295809,3.5378071295473563,5.260583667178982,4.1366346697574405,3.270529053499104,5.023597338714821,4.307967033,3.286853167791707,5.341765862041703,5.75,6.5,4.75,3.75
2027-02-23,2027-02-23,4.237969066014938,3.3433234557107645,5.090280942111329,4.379400197016135,3.5034585116384607,5.289941358908984,4.136090991632315,3.2564403866958456,5.02678596273146,4.307967033,3.2752317833248785,5.335866901524877,5.75,6.5,4.75,3.75
2027-02-24,2027-02-24,4.237969066014938,3.3383125177070485,5.094097854551697,4.380973305760238,3.5327492931248585,5.325755528270084,4.135552908510783,3.2589151556997105,5.042675719012528,4.307967033,3.27342794198305,5.352118395033053,5.75,6.5,4.75,3.75
2027-02-25,2027-02-25,4.237969066014938,3.348082274163029,5.082449198322851,4.383711773718295,3.516633876303075,5.346249805623933,4.135020358780608,3.275855825650261,5.037356720800192,4.307967033,3.262158070791222,5.375438231141222,5.75,6.5,4.75,3.75
2027-02-26,2027-02-26,4.237969066014938,3.3317392250702755,5.073792676712308,4.386432680650152,3.5155390866493104,5.348348781564913,4.134493283539079,3.273788444215157,5.048539806233002,4.307967033,3.256911830824396,5.384296916574393,5.75,6.5,4.75,3.75
2027-03-01,2027-03-01,4.237969066014938,3.354276799002985,5.0765087160279,4.388339492216263,3.517044091987854,5.368335493685828,4.1339716203728845,3.282905264728407,5.055088699666335,4.307967033,3.281406581707565,5.403892341857565,5.75,6.5,4.75,3.75
2027-03-02,2027-03-02,4.237969066014938,3.367460699712161,5.094299241872761,4.387948890856927,3.4983597985753323,5.342458217141369,4.133455308423742,3.2769117872190776,5.041048181453165,4.307967033,3.2605518012657364,5.410743902815746,5.75,6.5,4.75,3.75
2027-03-03,2027-03-03,4.237969066014938,3.3616362787481826,5.075384126011913,4.387039152681312,3.509598387346737,5.368649869028627,4.13294429244091,3.281542221936086,5.046074839383626,4.307967033,3.256540508823912,5.390203035173909,5.75,6.5,4.75,3.75
2027-03-04,2027-03-04,4.237969066014938,3.359728153408524,5.079973724177905,4.385869668732349,3.493008415239304,5.352356246623032,4.132438511024201,3.277503693515017,5.070138483095549,4.307967033,3.236832172907085,5.388916109732083,5.75,6.5,4.75,3.75
2027-03-05,2027-03-05,4.237969066014938,3.334156695086365,5.074892123524415,4.3863113276042105,3.481643743324332,5.377824199726474,4.1319379095119,3.2470047554812207,5.066646130893255,4.307967033,3.248545238665256,5.404042662415253,5.75,6.5,4.75,3.75
2027-03-08,2027-03-08,4.237969066014938,3.334005214386899,5.073247435552217,4.386486019664033,3.48389686242303,5.374439653930351,4.131442430438523,3.2354490984470354,5.102506036972928,4.307967033,3.212646223398424,5.4212838957234295,5.75,6.5,4.75,3.75
2027-03-09,2027-03-09,4.237969066014938,3.327766495396634,5.116549247084287,4.388082585716923,3.4812420059664038,5.380939188199027,4.130952017752248,3.210094513018114,5.083761215482216,4.307967033,3.2318656675316024,5.438286600806604,5.75,6.5,4.75,3.75
2027-03-10,2027-03-10,4.237969066014938,3.3416106557698178,5.120843455096511,4.390840074311853,3.477684186217629,5.3763158962720885,4.130466616508628,3.2160992491446705,5.101656990048418,4.307967033,3.2584148072397685,5.392228883014769,5.75,6.5,4.75,3.75
2027-03-11,2027-03-11,4.237969066014938,3.353886540403846,5.106461590099598,4.393491880819546,3.462907515575718,5.387565946977771,4.129986170702965,3.2076147360896448,5.091467929645942,4.307967033,3.268841058097945,5.39428981922294,5.75,6.5,4.75,3.75
2027-03-12,2027-03-12,4.237969066014938,3.349186818841875,5.0992939181352215,4.395226570469083,3.486723246779066,5.377722101917873,4.129510629349072,3.1941369908637687,5.121587861160834,4.307967033,3.230546395481116,5.392094539106112,5.75,6.5,4.75,3.75
2027-03-15,2027-03-15,4.237969066014938,3.3448845203115063,5.130092497604093,4.394727881084438,3.4810387584278573,5.448558489541362,4.1290399358767855,3.196514907122053,5.140796855868424,4.307967033,3.242519499014288,5.403849540339284,5.75,6.5,4.75,3.75
2027-03-16,2027-03-16,4.237969066014938,3.3257776236884693,5.130022480044037,4.39391879208595,3.4673724688821004,5.451291610786429,4.128574038593087,3.1931509040735238,5.135347151376944,4.307967033,3.2348886278474613,5.388528350447461,5.75,6.5,4.75,3.75
2027-03-17,2027-03-17,4.237969066014938,3.349617914482838,5.125707632038833,4.392950051082749,3.4472886328214543,5.448067963496325,4.128112888208186,3.225177813214079,5.121895455095963,4.307967033,3.235915927280626,5.391452958955637,5.75,6.5,4.75,3.75
2027-03-18,2027-03-18,4.237969066014938,3.336170190368354,5.14321070276943,4.393215548503387,3.409296706456534,5.445577944922999,4.127656431992377,3.213586534873756,5.131454398303348,4.307967033,3.195943030563813,5.431588604888809,5.75,6.5,4.75,3.75
2027-03-19,2027-03-19,4.237969066014938,3.335128470142081,5.153944463103457,4.393378886053585,3.454117936252423,5.40831114447381,4.127204617051025,3.191260585603342,5.148828531593812,4.307967033,3.205815358496975,5.424163573396981,5.75,6.5,4.75,3.75
2027-03-22,2027-03-22,4.237969066014938,3.312872300880228,5.153671981672684,4.3949891607651645,3.4161170379164214,5.402547361111864,4.126757395437324,3.200870708277503,5.142169339878386,4.307967033,3.1972346786301467,5.435947558180147,5.75,6.5,4.75,3.75
2027-03-23,2027-03-23,4.237969066014938,3.323982469973939,5.169155506608682,4.397674957728203,3.408966772979348,5.398842688914857,4.126314716942602,3.183778356301698,5.134463312277291,4.307967033,3.1810467163633174,5.4114292808383215,5.75,6.5,4.75,3.75
2027-03-24,2027-03-24,4.237969066014938,3.32753283212713,5.1708383405316205,4.40017018420127,3.4132062760292645,5.435506156838621,4.125876531758728,3.1829028428432204,5.143291398403826,4.307967033,3.169552473296491,5.425517213471498,5.75,6.5,4.75,3.75
2027-03-25,2027-03-25,4.237969066014938,3.316599206706464,5.147941435807054,4.401903767293402,3.4230259272595704,5.41640888642273,4.125442795143201,3.171298855244297,5.151901262077452,4.307967033,3.165362635529667,5.438625269079665,5.75,6.5,4.75,3.75
2027-03-26,2027-03-26,4.237969066014938,3.31468492242395,5.160284239618609,4.40143699170278,3.4417267781786074,5.427632666857659,4.125013453706604,3.1649132921633307,5.146009134970262,4.307967033,3.169554957762831,5.438220654637833,5.75,6.5,4.75,3.75
2027-03-29,2027-03-29,4.237969066014938,3.296398504876064,5.166429835547145,4.400527215773707,3.4502549987115363,5.39821872059537,4.124588464426398,3.147543630632356,5.146538116830545,4.307967033,3.1550235269710027,5.420327331071006,5.75,6.5,4.75,3.75
2027-03-30,2027-03-30,4.237969066014938,3.283570725310221,5.155952018176937,4.39964639209377,3.4161543905625047,5.426942146333881,4.124167779874119,3.163007630639916,5.168814439445368,4.307967033,3.1686287549541787,5.458613857679183,5.75,6.5,4.75,3.75
2027-03-31,2027-03-31,4.237969066014938,3.294844841574143,5.14990585541798,4.39969919954,3.39661778137026,5.456284971256605,4.123751352362133,3.171483662411203,5.16186601662741,4.307967033,3.12908415008735,5.456515088912347,5.75,6.5,4.75,3.75
